id,Category,kcal
0,Grilled beef tongue,224
1,Flavored snail meat,130
2,Napoleon cake,325.0301657
3,Spicy chicken,215
4,Noodles with pork chop,170
5,Stir-fried pork with capers,23
6,Bang bang chicken,215
7,Hibiscus crab stick,87
8,Tomato and egg ﬂour pimple soup,143
9,Grilled ribs,277
10,Stir-fried lettuce,13
11,Stir-fried clams with chili sauce,86
12,Brownie,466
13,Duck feet,404
14,Hand cake,200
15,0015 Durian pancake,227
16,Griddle rabbit,136
17,Dried chiba bean curd,78
18,Plate reinforcement,264.5547146
19,Tobiko warship sushi,126.9641533
20,Meringue puffs,363
21,Fried pork with sauerkraut,198
22,Potato salad,77
23,Onion mixed fungus,40
24,Crepe,227
25,Crispy chicken bibimbap,187
26,Golden cake,360
27,Bean sprouts in soup,333
28,Steamed ﬁsh head with double pepper,20
29,Mung bean soup,333
30,Good harvest of coarse grains,0
31,Crab fried rice cake,387
32,Chicken casserole,215
33,Pan-fried three stuffed treasures,180.8397575
34,Firewood chicken,215
35,Golden cod,82
36,Waxiang chicken,215
37,Corn with pine nuts,673
38,Secret jujube,79
39,Pork with preserved vegetable,72
40,Fried hairtail,312.7753304
41,Yogurt purple rice,360
42,Home-style bean curd,78
43,Double chicken drumsticks,161
44,Fried crab with curry,87
45,Fried cantonese sausage,290
46,Roasted eggplant with garlic,25
47,Shrimp skewers,100
48,Wonton noodles,384
49,Fried kidney ﬂower with pig liver,135
50,Vinegar cabbage,25
51,Crab roe salad,143
52,Fried eggplant,25
53,Four red porridge,245
54,Boiled ﬁsh,270.5121816
55,0055 Grilled chicken feet,215
56,Roast eggplants,25
57,Kidney beans,333
58,Straw hat cake,431.1202449
59,Meicai bamboo shoots,27
60,Cold pork cold head,198
61,Braised duck gizzards,94
62,Wasabi octopus,82
63,Cheese baked sweet potatoes,86
64,Fried twist,312.7753304
65,Dumplings,219.7355014
66,Tomato pasta,371
67,Dried carob,540
68,Toffee cake,560
69,Crab yellow tofu,78
70,Barbecue ribs,277
71,0071 Strawberry sundae,175
72,Pineapple rice,360
73,Tin foil potatoes,77
74,Stir-fried pork with rice white,198
75,Black pepper pork chop rice,360
76,Ribs rice,360
77,Braised noodles with ribs,384
78,Spicy shrimp,100
79,Choy sum with garlic sauce,149
80,Steamed chicken in lotus leaves,215
81,Spicy cabbage fried rice,360
82,Pineapple fritters shrimp,100
83,Spicy shao pointed,235.2941176
84,Scallion lamb,648
85,Bazhen tofu,78
86,Donkey meat,130
87,Fried egg roll,293
88,Gourd head bread in the soup,274
89,Fish head tofu soup,78
90,Fried spring rolls with three pieces of silk,293
91,Braised beef brisket on rice,360
92,Smoked ﬁsh,352.7396142
93,Fried rice noodles with eggs,364
94,Corn ribs soup,277
95,Rib skewers,277
96,Fried shao mai,291
97,Shredded potatoes with salad,77
98,Glutinous rice balls with peanuts and sesame seed,573
99,Fried potato chips with spicy cabbage,532
100,Crab stick nigiri sushi,87
101,Steamed pumpkin with red dates,26
102,Coconut jelly,278
103,Fried edamame with pickled vegetables,72
104,Braised pork on rice,360
105,0105 Braised chicken nuggets,261
106,Preserved egg with hot pepper,40
107,Green tea cake,1
108,White rice,360
109,0109 Pork liver noodle,384
110,Spicy ﬁsh,235.2941176
111,Sauerkraut beef,130
112,Lotus pond side dishes,124.3866777
113,Green pepper stir-fried dregs,20
114,Fried bacon with bamboo shoots,27
115,Grilled prawns,71
116,Grilled duck intestine skewers,404
117,Stir-fried beef ﬁllet with tea mushroom,135.6671329
118,Scrambled noodles with tomato and egg,143
119,Snowﬂake chicken ﬁllet,215
120,Refreshing evergreen,261.9633256
121,Fried chicken gizzards,94
122,Scallion sea bass,97
123,Red date and yam congee,118
124,Coarse grain porridge,0
125,Stewed chicken nuggets,261
126,Spicy pork,198
127,Pickled mustard,60
128,Matcha mousse cake,315
129,Snowﬂake cowboy bones,250
130,Fried ﬂower beetle,100
131,Roast pork,198
132,Flamingo cake,141.0958478
133,Colorful face lift,333
134,Cool coconut milk,354
135,Tossed ﬁsh skin,207.3170732
136,Sparerib noodles,384
137,Boneless chicken feet,215
138,Pork sauerkraut bun,279
139,Soy milk,43
140,Beef brisket noodle,384
141,Five recipes of tender beef,130
142,Fried pork with pleurotus eryngii,198
143,Griddle chicken,215
144,Red bean curd,78
145,Custard bun,279
146,Fried lotus white with oil residue,884
147,Kimchi beef sushi,130
148,Red bean double skin milk,333
149,Mutton soup,264
150,Fire bun,279
151,Beef and rice noodle soup,130
152,Fried mushrooms,22
153,Stir-fried shredded pork with garlic moss,198
154,Smooth double skin milk,61
155,Soy bean curd,78
156,Beef claypot rice,360
157,Fried chicken chop,307
158,Refreshing lotus root slices,74
159,0159 Fried shredded pancake,227
160,Hot pot noodles,384
161,Fried pork with chili,40
162,Saute spicy chicken,215
163,Pork with preserved vegetable rice,198
164,Tiramisu cake,310.3937945
165,Soy sauce ﬁsh,53
166,Baked potato chips,532
167,Cream of mushroom soup,22
168,Baked fairy grass with Taro,112
169,Baked corn with egg yolk,322
170,Steam pot chicken,215
171,Tomato and egg soup,143
172,River noodles in pig soup,384
173,Matcha yellow peach cake,39
174,Fruit pizza,268
175,Sweet plum and sweet potato,86
176,Cucumber preserved egg soup,143
177,Scrambled egg with chopped chili pepper,149
178,Pineapple cake,319
179,Fried balls and radish,16
180,Steamed abalone with garlic and vermicelli,371
181,Overlord chicken strips,271
182,Braised chicken,215
183,Three delicacies in casserole,135.6750484
184,Crispy corn cob,86
185,Steamed mandarin ﬁsh,53
186,Chinese salad,177.4023272
187,Hotbed chives with pork,30
188,Clam tofu soup,78
189,Tuna onigiri,109
190,Beef ribs,336
191,Spicy cabbage sushi roll,293
192,Pickled mustard with shredded soup,60
193,Red oil dumplings,884
194,Fried shrimp,308
195,Crispy radish skin,16
196,Fried tofu,78
197,Salted chicken,215
198,Baked pig brain with tin foil,376
199,Sour and spicy ﬁsh meal with grain,258.675721
200,Enoki mushroom,37
201,Lotus root box,74
202,Simmered dry noodles,384
203,Pigeon soup,343
204,Duck belly,404
205,Beef jerky,410
206,Chestnut cream soup,196
207,Plum kidney bean,333
208,Red bean sago,333
209,Lemon sauerkraut ﬁsh,29
210,Sauce chili,40
211,Squid crisp,366
212,Spicy korean noodles,384
213,0213 Steamed rice with mei cai meatloaf,360
214,King crab,84
215,Beef noodle soup,384
216,Fried frog,220.7884291
217,Mustard duck feet,404
218,Fried squid,92
219,Cucumber with pork ears,15
220,Oily noodles,384
221,0221 Red oil yuba,884
222,Soup noodles,384
223,Braised lamb,648
224,Fried noodles,384
225,Grilled salmon sushi,208
226,Lotus seed pork belly soup,198
227,Pickled fresh,17.63698097
228,Pepper rabbit,136
229,Beef tendon noodles,384
230,Arctic bay sashimi,89
231,Braised sheep’s hoof,0
232,Cucumber dip,15
233,Chicken rice,360
234,Sweet potato balls with taro,112
235,Egg pancakes,227
236,Braised pork with chestnut,196
237,Stewed foie gras,462
238,Pickled ﬁsh rice noodles,364
239,Pork head meat mixed with cucumber,15
240,Black rice porridge,360
241,Griddle ribs,277
242,Sauce beef,130
243,Salt and pepper shrimp,100
244,Stewed chicken soup with cordyceps ﬂower,215
245,Sour soup pork,198
246,Braised pigeon,343
247,Sausage pizza,280
248,Candied sweet potatoes,86
249,Shrimp sushi,100
250,Fried noodles with seafood,384
251,Griddle of pleurotus eryngii,240.0818578
252,Fried beans,333
253,The ﬁve-star chicken nuggets,261
254,Broth bottom,0.963321264
255,Pilaf,130
256,Griddle beef with skin,130
257,0257 Cold dried eggs,143
258,Celery and peanuts,14
259,0259 Sauerkraut chicken,215
260,Pickled cucumber,15
261,Potted cake,237.4900898
262,Rice burger,360
263,Mango fried yogurt,61
264,Sawdust cup,392.3360731
265,Fresh pot rabbit,136
266,Mango sticky rice cake,387
267,Honey roasted whole chicken,215
268,Shredded cake,392.8571429
269,Tenderloin skewers,246
270,Salmon salad,208
271,Dry roasted large yellow croaker,104
272,Fish skin dumplings,96
273,Signature chicken feet,215
274,Pimple face,202.1360956
275,Fried lamb chops,310
276,Stir-fried squid whiskers,92
277,Fried ﬁve spice roll,293
278,Crock soup,59.88648555
279,Tofu bubble,78
280,Dried radish omelette,16
281,Shredded potato burrito,206
282,Scrambled eggs with green onion,212
283,Mixed beef,130
284,Garlic bread,350
285,0285 Sauteed pork with green beans,31
286,Braised vermicelli with chicken and mushroom,22
287,Oreo ice cream,207
288,Braised ham sausage,288
289,Stir-fried pork with green peppers,20
290,Sauerkraut vermicelli soup,371
291,Organic ﬁsh,50
292,Shredded squid,92
293,Spicy fried escargot,90
294,Honey chicken feet,215
295,Cucumber mixed with garlic paste,15
296,Watermelon smoothie,30
297,Scallops and shrimp congee,100
298,Multigrain bun,279
299,Cold preserved egg,143
300,Stir-fried lettuce with dace in black bean sauce,13
301,Pickled cabbage powder,25
302,Stone egg skewers,143
303,Sauteed beef ﬁllet with hot green pepper,20
304,Chicken breast salad,120
305,Chocolate brown cake,480
306,Cucumber fritters,15
307,Steamed pork ribs,277
308,Sea star,316
309,Fried dried tofu,78
310,Fried sweet potato balls,86
311,Guiling paste,82
312,Green vegetable tofu soup,78
313,Mapo tofu,78
314,Grilled fatty intestine skewers,143.3817556
315,Pan-fried pork bun,279
316,Braised turtle,325
317,Cilantro tofu soup,78
318,Fried rice with sauerkraut and egg,360
319,Mustard pork noodles,384
320,Polenta,370
321,Pork noodles,384
322,Spicy squid,92
323,Ketchup surface,101
324,Grilled cod,82
325,Ice cream cone,402
326,Large rows of rice,360
327,Chestnut shortbread,514
328,Marinated goose wings,371
329,Vegetarian abalone,105
330,Ice cream ball,207
331,Fried ham with cucumber,15
332,Piggy paige cake,187.7293686
333,Chicken sandwich,215
334,Mango black jelly,278
335,Roast chicken,167
336,Walnut buns,279
337,Braised tofu in abalone sauce,78
338,The oil meat,130
339,Cheese ribs,277
340,Fried dumplings,197.5332929
341,0341 Sushi of ﬂoss,126.9641533
342,Yongzhou blood duck,404
343,Braised beef brisket en casserole,276
344,Preserved rice,360
345,Guokui,351
346,Fried rice cake with chinese cabbage,13
347,Stewed bean curd soup with crucian carp,127
348,Smoothies,56.8
349,Elbow,371
350,Cheese baked scallops,69
351,Sauerkraut bass,97
352,Bean buns,279
353,Durian pizza,268
354,Boiled dried shreds,266.2185951
355,Steamed chicken feet with black bean sauce,333
356,Blueberry mousse,57
357,Fried rice noodles with eggs,364
358,Rice with duck legs,360
359,Tofu with shallots,72
360,Tomahaw,351
361,Bacon sandwich,393
362,Braised eggplant with bean curd,78
363,0363 Donkey burger,208.3916486
364,Braised ﬁsh with soy sauce,53
365,Rice covered with black pepper steak,228
366,Italian noodle with meat sauce,384
367,Rice with teriyaki drumstick,161
368,Duck blood and bean-starchy vermicelli soup,371
369,0369 Sauteed lettuce,13
370,Ice powder,0
371,Egg wrapped sausage,288
372,Rainbow cake,365.4382794
373,Blueberry smoothie,57
374,Lava cake,402.3472793
375,Stir fried vermicelli,371
376,Fried shrimp,308
377,0377 Fried squid ﬂower,92
378,Stewed croaker in brown sauce,104
379,Quick-fried liver with distilled grains sauce,135
380,Pita bread so awked in beef soup,130
381,Vinegar turnip,28
382,Wonton,189.8066578
383,0383 Beef soup,130
384,Muxu pork,198
385,Seaweed sushi,35
386,Steamed turbot,95
387,Larimichthys,351
388,Fried chicken,307
389,Salted pork in jelly crystal trotter,748
390,Flower cake,293.2343765
391,Barbecued pork noodle rolls,293
392,Potato chips on sizzling iron plate,532
393,Fried bean sprouts with leek,61
394,Sesame octopus,82
395,Fried razor clam,86
396,Cheese pizza,268
397,Pork with garlic sauce,198
398,Scalded beef,130
399,Sugar oil cake,387
400,Braised pork with vermicelli,371
401,Marinated quail eggs,158
402,Chinese chestnut,196
403,Spicy beef soup,130
404,Boiled egg,155
405,Noodles soup,384
406,Braised pork,198
407,0407 Rice with curry chicken chop,360
408,Balsam pear scrambled eggs,212
409,0409 Roast chicken wings,191
410,Pork rice,360
411,Fried bacon with lettuce,13
412,Fried eggs with pepper,196
413,Pork stomach,85
414,Australian skewers,78
415,Steamed rice with barbecued pork,360
416,Bread soaked in ﬁsh head soup,274
417,Shredded pork skin,198
418,Soy sauce chicken,215
419,Tea ﬂavored shrimp,100
420,Pita bread so awked in lamp soup,262
421,Scramble egg,143
422,Stewed chicken with mushroom,22
423,Grilled chicken breast,165
424,Oyster sauce beef,130
425,Stewed spareribs with potatoes,277
426,Marinated beef tripe,85
427,Sesame paste,573
428,Coconut rice,360
429,Mother’s hoof soup,0
430,Roasted fresh catﬁsh,201.3422819
431,Fried pork with dried meat,198
432,Coconut chicken,215
433,Steamed luffa with minced garlic,149
434,Spareribs with taro,277
435,Fried soybeans with luffa,20
436,Cod ﬁsh steak,228
437,Rice bag,360
438,Pickle soup,3.571428571
439,Braised pork with braised pork,198
440,Fried shrimp,308
441,Salt and pepper duck chin,404
442,Tofu pot,78
443,Fried noodles with beef,384
444,Baked prawns with salt,71
445,Spicy hot pot,167
446,Pork chop soup with radish,16
447,Powder soup,471
448,Spicy ﬁsh,235.2941176
449,Whitebait soup,145.5544933
450,Mixed agaric with coriander,298
451,Bamboo rice,360
452,Fried noodles with beef,384
453,Braised eggplant with meat,25
454,Sugar pie,387
455,Steamed bun with vegetables,72
456,Crystal chicken,215
457,Buddha jumps over the wall,283.3144028
458,Spareribs with brown sauce,277
459,Silky chicken roll,293
460,Fried rice with eel,360
461,Grilled cold noodles,384
462,Cabbage tofu soup,78
463,Northeast big lift,23.52941176
464,Grilled chiba tofu,78
465,Fried konjac balls,77
466,Spike potatoes,77
467,Hot and sour chicken feet,215
468,Stir fried lily with celery,14
469,Mango cake,60
470,Japanese tofu with tin foil,78
471,Corn pudding crispy,86
472,Cold taro powder,112
473,Three fresh rice noodles,364
474,Rice cake,387
475,Sauce cake,316.372051
476,Duck soup,404
477,Duomang small meatballs,254
478,Fish ball soup,96
479,Flour cake,364
480,Walnut shortbread,514
481,0481 Corn pumpkin porridge,26
482,Shrimp and crab porridge,87
483,Hot and sour cabbage,25
484,Brown sugar ice powder,380
485,Egg rice roll,293
486,Smoked sauce meat platter,130
487,Pepper chicken,215
488,Scrambled eggs with loofah,212
489,Stir fried pork and bone with chili,198
490,Corn grilled ribs,277
491,Roasted yellow throat,0
492,Barbecued pork,198
493,Seaweed soup,35
494,Steamed pork,198
495,Pineapple sweet and sour pork,270
496,Egg wafﬂes,143
497,0497 Camphor tea duck,0
498,Sausage rice,360
499,Mongolian roasted whole lamb,648
500,Kelp salad,43
501,0501 Twice cooked beef,130
502,Fried loofah,312.7753304
503,Fried liangpi,312.7753304
504,Fried bean curd,78
505,Sweet corn pie,86
506,Beef rice roll,293
507,Sausage,288
508,Chicken bibimbap,215
509,Beef offal pot,130
510,Fillet steak,228
511,Banana pancake,227
512,Plum dried vegetable meat bun,279
513,Smoked chicken skeleton,215
514,Eight treasure rice,360
515,Fish pot,96
516,Yam pork ribs congee,277
517,Arctic shellﬁsh sushi,126.9641533
518,Liwan boat porridge specialty,106.4871303
519,Salami pizza,268
520,Lotus leaf rice,360
521,Salted ﬁsh and eggplant claypot,25
522,Mutton string,264
523,0523 Fried beef with bitter melon,17
524,Stir-fried cauliﬂower,58.91351703
525,Beef hot and sour noodle,384
526,Cold bitter chrysanthemum,24
527,Yellow throat,375.5555406
528,Fried chicken with hot peppers,307
529,Tiger cake,382.8748548
530,Steamed egg dumplings,143
531,Shredded cucumber,15
532,Spicy noodles,384
533,Grandma’s scrambled eggs,212
534,Stir-fried chicken with rice pepper,20
535,Smoked hairtail,352.7396142
536,Sesame soy sauce lettuce,13
537,Braised beef,130
538,Haggis soup,142.0928318
539,Braised pork ribs,277
540,Cake box,717
541,Taro chicken,215
542,Tiger green peppers,20
543,Spicy fried sea screw,258.0197216
544,Called naan package meat,130
545,Dried marinated orchid,352.7396055
546,Sauteed bacon with peas,393
547,Chicken skin skewers,215
548,Baked scallops,69
549,Scrambled eggs with chives,212
550,Wooden barrel rice,360
551,Noisette three kinds of meat,130
552,Tofu rice noodles,364
553,Chicken rack,215
554,Cold gluten,351
555,Carbon baking bullfrog,200
556,Spicy bullfrog,235.2941176
557,Boiled edamame,109
558,Yam spring rolls,293
559,Fragrant fried sierra,393.0590543
560,Hot rice,360
561,Shredded cold papaya,43
562,Golden fried chicken feet,307
563,Winter melon pork ribs soup,277
564,Salted pleurotus eryngii,40.31309937
565,Grilled rice cake,387
566,Eggplant rice with ﬁsh aroma,360
567,Panda chocolate sundae,196
568,Steamed noodles,384
569,Millet mung bean porridge,333
570,Purple potato porridge,77
571,Duck liver,136
572,Steamed pork ribs with glutinous rice,277
573,0573 Longjing shrimp,100
574,Cauliﬂower,351
575,Pipa duck,404
576,Braised beef noodles,384
577,Chicken feet in vinegar,18
578,Tempura,156.4409396
579,Shar pei mousse cake,225.1555439
580,Crispy rice potatoes,77
581,Steamed spare ribs with taro,112
582,Goat tripe,85
583,Red bean porridge,333
584,Egg noodles,384
585,Braised pork roll,293
586,Mango mousse cake,60
587,Three shreds fried rice noodles,364
588,Spiced boiled ﬁre,270.5121816
589,Fried rice with bacon and egg,393
590,Griddle yellowbone ﬁsh,240.0818578
591,Candied date zongzi,277
592,Celery,14
593,Mushroom chicken claypot rice,360
594,Steamed pumpkin with lily,26
595,Tomato beef noodle,384
596,Champion and porridge,106.4871303
597,Crystal shrimp,100
598,Spicy shrimp,100
599,Egg yolk crisp,366
600,Guoqiao tofu,78
601,Beggar’s chicken,351
602,Fried beef with hot pepper,40
603,Vegetable and lean pork porridge,72
604,Boiled white meat,130
605,Adzuki bean fermented rice,360
606,Braised eggplant,25
607,Mushroom with garlic paste,22
608,Fat rice roll,293
609,Blueberry mashed potatoes,77
610,Spinach with gluten,23
611,Soup baby dishes,423.2875434
612,Salmon ﬂank sinew,208
613,0613 Seafood pancake,227
614,Fried rice cake,387
615,Braised chicken with ginseng,215
616,Millet porridge,378
617,Silver carp,127
618,Fried carrot cake,41
619,Dried bamboo shoots and duck pot,404
620,Garlic broccoli,34
621,Pumpkin pie,204
622,Potato wedges,77
623,Donkey meat soup,130
624,Miba,351
625,Duck intestine fried rice,360
626,Roasted bean skewers,333
627,Tuna salad,109
628,Sliced noodles,384
629,Smoked ﬁsh noodle,384
630,Pineapple buns,279
631,Ramen fried rice cake,387
632,Three fresh powder,133.3333333
633,Crispy sausage,288
634,Quicksand bag,351
635,Cranberry toast slices,313
636,Ballast congee,81.36210672
637,Baked bun,279
638,Drunk crab claws,87
639,Honey chicken wings,191
640,Braised ﬁsh head,388.0135814
641,Mango milk ice,60
642,Lychee meat,130
643,Pork feet rice,360
644,Banana pizza,268
645,Fried tofu,78
646,Roasted pork with dried beans,333
647,Fried vermicelli,371
648,Mango sago,60
649,Garlic clove skewers,149
650,Pig vegetable,72
651,Duck leg,404
652,Roll egg,143
653,Three fresh ice powder,0
654,Yellow clam,86
655,Crispy potato grid,77
656,Horseradish fungus,48
657,Fried bacon with bamboo shoots,27
658,Stir-fried green peppers,20
659,Braised pork,198
660,Marinated bullwhip,97.68174078
661,Tripe soup powder,85
662,Spicy cucumber,15
663,Kimchi cake,30
664,Fat intestine noodle,384
665,Duck clavicle,404
666,Cauliﬂower fried pork,198
667,Fried tenderloin,246
668,Steamed sea bass,97
669,Salty bone soup,75.31441333
670,Chestnut roast chicken,167
671,Roasted dried tofu rolls,293
672,Tiger egg,143
673,Hand-shredded chicken,215
674,Egg pudding,143
675,Flower love sushi,353.9823009
676,Roast duck noodle sauce,384
677,Sauteed beef with wild pepper,20
678,Sesame sauce liangpi,573
679,0679 Bacteria soup,423.2875434
680,Grilled pork bone skewers,116
681,Pork noodles with pickled vegetables,72
682,Delicious crispy rice,360
683,Egg yolk pork ﬂoss seaweed rice,360
684,Shrimp shaomai,100
685,Fried chicken,307
686,Corn grated with cheese,403
687,Sour plum soup,46
688,Hand catch seafood,143
689,Small noodles,384
690,Fried wanton,312.7753304
691,0691 Mushrooms and cabbage,25
692,Mushroom chicken congee,215
693,Sour soup dumplings,159.0952459
694,Braised konjac,77
695,Hot pot ice cream,207
696,Mango salmon roll sushi,293
697,Egg yolk lobster,77
698,Plum dried vegetable biscuits,353
699,Yogurt,61
700,Curry pork chop rice,360
701,Crispy bamboo shoots in chicken sauce,27
702,Fried rice with ham,360
703,Braised pork,198
704,Fried cucumber with basil,15
705,Tiger vegetables,72
706,Tofu skin sushi,78
707,Chinese yam lean meat porridge,124
708,French lamb chops,310
709,Garden chicken,215
710,Tea tree mushroom ribs soup,277
711,Fried kidney,344.4444444
712,Pork ﬂoss,198
713,Jade burned,156.8359858
714,Pickled pepper ﬁsh skin,20
715,Cold chicken feet,215
716,Coriander with beef,298
717,Fried fungus with yam,118
718,Taste shrimp,100
719,Fruit ﬁshing,30
720,Fried cuttleﬁsh ball,360.5911894
721,White porridge,42.26752838
722,Cucumber mixed jellyﬁsh,15
723,Baked enoki mushrooms in tin foil,37
724,Salt and pepper lobster,77
725,Frozen tofu,78
726,Seafood pimple soup,64.66355568
727,Mixed sauce hot and sour noodles,384
728,Honey yellow peach,39
729,Rose ice powder,82
730,Roasted shiitake mushrooms,34
731,Spicy shrimp,100
732,Diving ﬁsh,352.7396195
733,Sugar fried hawthorn,387
734,Mushroom crispy bamboo shoots,27
735,Family portrait sushi,113.6605441
736,Durian cheese pizza,268
737,Whose mariko,351
738,Soft-boiled egg,143
739,Pan-fried long lee ﬁsh,53.40647884
740,Grilled ﬁsh on paper,350
741,Curry rice,360
742,Hot and sour tripe soup,85
743,Butyl ﬁve ren sauce,357
744,Mango layer cake,60
745,Egg ham fried rice,360
746,Peony shrimp sashimi,100
747,Radish beef,130
748,Dry fans,27.21134208
749,White cut saltwater duck,404
750,Matcha smoothie,315
751,Sour radish duck soup,404
752,Pork with pickled vegetables,72
753,Grilled mackerel,205
754,Swiss roll cake,371
755,Strawberry milk pudding,32
756,Cold kelp root,43
757,Sea oyster,81
758,Grilled ﬁsh with sauerkraut,19
759,Mutton freeing,264
760,Spicy duck jane,404
761,Argentine red shrimp,100
762,Tofu soup,78
763,One shrimp for two,100
764,Wild vegetable dumpling,72
765,Kelp rib soup,277
766,Fried pork chops,170
767,Halogen duck tongue,404
768,Lame claypot rice,360
769,0769 Floss sushi,126.9641533
770,Stir fried fungus with cabbage,25
771,Durian cake,147
772,Seaweed warship sushi,35
773,Avocado salad,160
774,Pure sausage,288
775,Stir-fried fat intestine,58.91351703
776,Purple rice porridge,360
777,Brine geese,26.6087792
778,Foil ﬂower beetle powder,100
779,Scrambled eggs with sauce,212
780,Cornmeal buns,279
781,Rice porridge,360
782,Stir-fried long beans,333
783,Pan-seared foie gras,462
784,Steamed buns,279
785,Black rice cake,387
786,Fried eggplant box,25
787,Chinese seaweed salad,35
788,Roasted garlic naan,291
789,Zongzi,351
790,Halogen rabbit head,136
791,0791 Green pepper shredded pork rice bowl,360
792,Spiced rabbit head,136
793,0793 Snow white juice with mango and black sticky rice,360
794,Preserved egg and lean meat porridge,124
795,Braised old goose,371
796,Sesame sauce noodles,384
797,Orleans roasted whole leg,372.1402986
798,Nougat,372.7778858
799,The ring oil eel,184
800,Oily baby cabbage,25
801,Chicken chop rice,360
802,Fried cheese chicken chop,215
803,Braised pork ribs,277
804,Griddle ribs and shrimp,100
805,Spinach in soup,23
806,Fried chicken with mushroom,307
807,Old duck soup with tea tree mushrooms,22
808,Mushroom rape,27
809,Hot and sour fern root powder,150
810,Stuffed gluten balls,440.9245268
811,Sweet corn on the cob,86
812,Spare ribs pot,277
813,Finding nemo pizza,268
814,Shao powder,291
815,Griddle shrimp,100
816,Minced pork nigiri sushi,198
817,Cooked tripe of sheep or swine,85
818,Preserved egg with cucumber,15
819,Durian black glutinous rice,360
820,Yam and vegetable porridge,72
821,Meatball soup,254
822,Pork belly chicken,215
823,0823 Pan-fried chicken chop,215
824,Salt and pepper pork,198
825,0825 Clam and winter melon soup,14
826,Chocolate poppy cake,480
827,Fruit cream cake,340
828,Spicy fried rice cake,387
829,0829 Rose cake,82
830,California roll sushi,293
831,Hemp group,634.9313151
832,Tonkotsu ramen,440
833,Barbecued pork crisp,366
834,Beef noodle soup,384
835,Pancake,227
836,Mutton vermicelli,371
837,New orleans pizza,268
838,Chicken bone skewers,116
839,Eel congee,184
840,Stew,123.4588668
841,Diced carrot,41
842,Fried cake,337.4586123
843,Crystal shrimp dumpling,100
844,Fried sliced pork with mushrooms,22
845,Geoduck sashimi,97.98323023
846,Red oil belly silk,884
847,Eggplant claypot,25
848,Spicy grilled meat mixed with rice,130
849,0849 Old vinegar sting,18
850,The spicy cold eating rabbit meat,136
851,Fried yellow beef,130
852,Oxtail soup,224
853,Steamed egg,143
854,Spicy bullfrog,235.2941176
855,Toon seedlings mixed with tofu shreds,78
856,White snow black glutinous rice,360
857,Stir-fried pork belly with chili,32
858,Brown sugar hair cake,380
859,Fried taro roll,293
860,Red bean ice,333
861,Sansho black fungus,331.25
862,Fried pork with beans,333
863,Pan-fried ﬁsh,110.654412
864,Fresh pepper ﬁsh,20
865,Scrambled eggs with onions,212
866,Scrambled eggs with cucumber,212
867,Bean curd stick,78
868,Dip in pickles,3.571428571
869,Macaron,460
870,Chicken noodles,384
871,Braised ﬁsh pot,93.4056488
872,Chopped pepper and taro,20
873,Push cake,141
874,Spicy chicken rice,360
875,Fennel fried dough sticks,259
876,Lemon ﬁsh,29
877,Sizzling shrimp,100
878,Green beans in garlic sauce,31
879,Honey cake,304
880,Grilled chicken skewers,215
881,Dried intestines,138
882,Spiced marinated eggs,143
883,Dried vegetable with fried egg,72
884,Steamed egg with shrimp,100
885,Crispy rice cake,387
886,Thick honey toast,313
887,Salt baked chicken feet,215
888,Tin foil baby cabbage,25
889,Cheese bacon pizza,268
890,Black rice and red bean porridge,360
891,Grilled small yellow croaker,104
892,Scrambled eggs with local vegetables,212
893,Fried chili,40
894,Fish with tomato,18
895,Stir-fried bacon with garlic moss,393
896,Drunken ﬁsh,163.9264067
897,Spiced corned egg,143
898,Fried tofu,78
899,Tapioca pudding,130
900,Sweet and spicy fried chicken,307
901,Puffs,325.0954715
902,Fried vermicelli with bean sprouts,371
903,Saut ¨ı¿œed ﬁsh in chili sauce,40
904,Saut ¨ı¿œed bullfrog in chili sauce,40
905,Cold noodles with sesame sauce,384
906,Sea food noodles,384
907,Spicy chicken,215
908,Braised Tofu,78
909,Tuna and seaweed rolled rice,360
910,Haggis noodle soup,384
911,Chicken salad noodles,384
912,Salted egg yolk with crispy crust,322
913,Fried ﬁsh cake,337.4586123
914,Red bean pie,333
915,Cumin chicken ﬁllet,215
916,Durian pizza,268
917,Fried noodles with beef,384
918,Pork chop bun,279
919,Big bone soup,75.31441333
920,Chocolate covered croissant,406
921,Roasted garlic,149
922,Custard piglet bun,279
923,Fried milk melon with garlic slices,149
924,Scrambled eggs with shrimp,212
925,Grilled vegetarian chicken skewers,215
926,Potato ﬂour with seafood,77
927,Shrimp dumpling king,100
928,Cow ribs,277
929,Griddle cabbage,25
930,Double beef fort,130
931,Seafood noodles,384
932,Fried udon,371
933,Duck foot pot with snail,404
934,Delicious jelly,278
935,0935 Fried chicken with edamame,307
936,Mashed potatoes with cheese,77
937,Sauce burst screws,22.48715074
938,Crab Dumplings in Soup,87
939,0939 Pearl balls,232.2656887
940,Oreo sawdust cup,464
941,Cucumber with beef,15
942,Spicy beef noodle,384
943,Sashimi platter,97.98323023
944,Braised winter melon,14
945,Teriyaki chicken chop rice,360
946,Roast chicken butt,167
947,Peanut edamame,567
948,Foie gras sushi,462
949,Whirlwind potato tower,77
950,Angel cake,246.6349842
951,Fruit spell,30
952,Boiled quail eggs,158
953,Steamed chicken feet with sauce,215
954,Chocolate sundae,196
955,Old kitchen cabbage,25
956,Spicy rice noodles,364
957,Steamed Fish Head with sauce,96
958,Fried sheep miscellaneous,902
959,Chestnut,196
960,Salt and pepper prawns,71
961,Burning smell platter,156.8359858
962,Milk and peach gum,42
963,Skewer shrimp,100
964,Foil grilled ﬁsh,114.5438237
965,Chopped green onion Fried eggs,196
966,Ramen with beef,440
967,Braised hairtail,177.9446365
968,Mix powder,398
969,River snail,90
970,Chicken pot,215
971,0971 Chicken wing rice,360
972,Geoduck sashimi,97.98323023
973,Chocolate,480
974,Croissant,406
975,Spiced beef,130
976,Cheese pizza,268
977,Braised lamb,648
978,Fried yam,118
979,Steamed multiple preserved hams,221
980,Mussels screw,86
981,Salted duck egg,185
982,Black sesame quicksand bun,279
983,Glutinous rice cake,387
984,Salad crispy chicken rice,360
985,Rattan pepper chicken,215
986,Braised chicken in casserole,215
987,Garlic crayﬁsh,149
988,Sakura roll,293
989,Fried octopus,82
990,Cheese back ribs,224
991,Sauerkraut fried rice,360
992,Griddle duck,404
993,Fried pork slices,198
994,Red date cake,277
995,Cold cut foie gras,462
996,Red bean taro balls,112
997,Fried intestines,138
998,Stir-fried pork belly with spicy cabbage,25
999,Instant noodles,384
1000,Fris¨ı¿œe mixed with almonds,579
1001,Fried lamb,648
1002,Baked steamed bun slices,279
1003,Pumpkin cream soup,26
1004,Fried tofu,78
1005,Fresh taro,112
1006,Grilled rack of lamb,372
1007,1007 Tossed cellophane noodles,351
1008,Scalded tripe,85
1009,Cream puff sticks,334
1010,Boiled Chinese kale,35
1011,Steamed ribs,277
1012,Sausage fried rice,360
1013,1013 Creamy corn soup,86
1014,Creamy bacon pasta,371
1015,Rice wine dumplings,83
1016,Soba noodles,384
1017,Yam steamed with osmanthus honey,304
1018,Duck heart,404
1019,Rice topped with shredded potato,77
1020,Tofu pudding topped with crab guts,87
1021,Fried shrimp cake,308
1022,Roasted oysters,81
1023,1023 Fish ﬂavored shredded pork,198
1024,Beef cubes fried with black pepper,20
1025,Assorted boiled delicacies,400
1026,Twice cooked pork with bell pepper,26
1027,Salmon sushi,208
1028,Marinated noodles,384
1029,Spinach mixed with peanuts,23
1030,Garlic kelp shreds,43
1031,1031 Steamed pumpkin,26
1032,Rice noodles fried with beef,364
1033,Bean curd stir-fried with chives,78
1034,Yakitori,169.6237939
1035,Chee cheong fun,221.264575
1036,Fried noodle with shredded pork,384
1037,Fried ﬁsh and shrimp,100
1038,Glutinous rice,360
1039,Fried pork with yuba,198
1040,Bacon pasta,371
1041,Salt fried meat,130
1042,Xiao long bao,255.1984291
1043,1043 Curry ﬁsh ball,325
1044,Cuttleﬁsh,351
1045,Fried prawns,71
1046,Broad beans with scallion oil,72
1047,Potato cake,268
1048,Kung pao chicken,215
1049,Onion rings,40
1050,Goose palm,371
1051,Steamed carp,127
1052,Meat dumplings,130
1053,Spicy grilled ﬁsh,145.9831066
1054,Hand peeling bamboo shoots,27
1055,Mango milk,60
1056,Steamed crab feet,87
1057,Barbecued pork noodles,384
1058,Sheep scorpion,75.97331323
1059,1059 Hanamaki,351
1060,Roasted enoki mushroom,37
1061,Blueberry fried yogurt,61
1062,Bullfrog claypot,171.967818
1063,Pork eggplant,25
1064,Fried noodles with shredded pork,384
1065,Cucumber dressing,15
1066,Dried tofu with hot pepper,40
1067,Salt and pepper chops,20
1068,Fried chicken legs,214
1069,Fried peanuts,567
1070,Griddle bullfrog,240.0818578
1071,Salt and pepper nine belly ﬁsh,20
1072,Cup cake,717
1073,Abalone and ﬁn belly soup,105
1074,Bean curd in sugar water,78
1075,Braised hemp food,634.9313151
1076,Duck intestines,404
1077,Shredded radish stewed shrimp,100
1078,Taro meat,130
1079,Lamb chops hand pilaf,130
1080,Sesame catsup sauce,101
1081,Sauerkraut ﬁsh with green pepper,20
1082,Fried small spring rolls,293
1083,Clams steamed egg,143
1084,Spaghetti with tomato meat sauce,130
1085,Tofu stewed with cabbage,25
1086,Chicken wing tip,191
1087,Stir-fried fatty intestine with hot pepper,40
1088,Fried squid,92
1089,Eggplant with sauce,25
1090,Shrimp with ice powder,100
1091,Hot squid,92
1092,Meat ﬂoss egg pie,143
1093,Hot pot ﬁsh,139.6240833
1094,Prawn casserole,71
1095,Seafood tofu soup,78
1096,Garlic grilled ﬁsh,149
1097,Fish vermicelli,371
1098,California hand-rolled sushi,166.5714914
1099,Eight treasure congee,81.36210672
1100,Sesame beans,333
1101,Fried shrimp balls with cheese,403
1102,Spicy beef tendon,130
1103,Mango pancake,227
1104,Sauce spine,22.48715074
1105,Sweet potato porridge,86
1106,Dry pot frog,27.21134208
1107,Braised pork intestines,138
1108,Fried sweet potato,86
1109,Lamei and claypot rice,360
1110,Green bean porridge,31
1111,Scallion chicken,215
1112,Fried rice of yangzhou style,360
1113,Green onion Chinese pancake,227
1114,Steamed bread slices,274
1115,Cucumber roll sushi,293
1116,Stir fry,132.7676415
1117,Tossed tripe,85
1118,Boiled chicken rice,360
1119,Cucumber and peanuts,567
1120,Spicy ramen,440
1121,Fried clams with ginger and spring onion,80
1122,Fruit salad,30
1123,Shrimp porridge,100
1124,Palace fried shrimp ball,308
1125,Spanish mackerel,139
1126,Radish sauce,16
1127,Spicy slice pig ear,234
1128,Curry chicken baked rice,360
1129,Curry beef rice,360
1130,Belt noodle,384
1131,Durian melaleuca cake,147
1132,Garlic spinach,23
1133,1133 Mahjong biscuits,353
1134,Beef noodles in sour soup,384
1135,Brown sugar buns,279
1136,Crucian carp,127
1137,Minced pork vermicelli,371
1138,Crispy mung bean cake,333
1139,Fried chicken wings tip,191
1140,Strawberry smoothie,32
1141,Earth pot chicken,215
1142,Boiled beef,130
1143,Tomato beef stew,130
1144,Fried dumplings,197.5332929
1145,Salted duck,404
1146,Krabby patty,370
1147,New orleans pair of wings,138.8888889
1148,Beef tenderloin,246
1149,Steel pipe chicken,215
1150,Fruit mufﬁns,30
1151,Unagi sushi,200
1152,Mufﬁn,351
1153,Seafood pasta,371
1154,Braised lobster,77
1155,Mixed grain vermicelli,371
1156,Som tam,70.9188616
1157,Creamy wafﬂe,642.8571429
1158,Cheese bread,408
1159,Melaleuca,351
1160,Salmon fried rice,360
1161,Egg fried rice,360
1162,Tom yum kung,49.85486373
1163,Beef bibimbap,130
1164,Meringue,363
1165,Carrotcake,211.6437717
1166,Fried rice cake with swimming crab,387
1167,Roast goose rice,360
1168,Strawberry yoghurt,61
1169,Assorted sauce,67
1170,Small yellow croaker,104
1171,Doraemon cake,253.972526
1172,Fried noodles with soy sauce,384
1173,Roasted silkworm pupa skewers,127.2084806
1174,Three silk fried noodles,384
1175,Stir-fried cabbage,25
1176,Blueberry yam,118
1177,Boiled okra,33
1178,Egg yolk meat dumpling,130
1179,Taro pie,112
1180,Longevity dishes,111.2186297
1181,Delicious shrimp fort,100
1182,Beef brisket with radish,276
1183,1183 Pickled cabbage soup,25
1184,Crispy pigeon,375
1185,Chicken rice noodle,364
1186,Fried pork belly,198
1187,Fried lettuce,13
1188,Squirrel mandarin ﬁsh,53
1189,Mustard shreds,60
1190,Love chicken chop,215
1191,Naked cake,318.106125
1192,Laoganma fried rice,360
1193,Pho,91.98383203
1194,Mapo tofu donburi,78
1195,Pork feet noodles,384
1196,Stone pot ﬁsh,63.52548275
1197,1197 Ginger fried duck,404
1198,Roti prata,297
1199,Red bean barley congee,333
1200,Cookies,488
1201,Poached pork slices,198
1202,Fragrant egg yolk roll sushi,293
1203,Braised pork trotters,212
1204,Sauce fried squid,92
1205,Dorayaki,243.7256986
1206,Authentic intestine,375
1207,White radish ribs simmering soup,277
1208,Curry shrimp,100
1209,Coconut bread,274
1210,Japanese pumpkin tart,26
1211,Pig’s head meat,130
1212,Mango roll sushi,293
1213,Lentil braised noodles,384
1214,Sheep roll,293
1215,Tamago nigiri sushi,91.29991762
1216,Freshly fried small crispy pork,198
1217,Scrambled eggs with green peppers,212
1218,Bacon bibimbap,393
1219,Fried rice noodles,364
1220,Grilled baby Chinese cabbage skewers,13
1221,Grilled chicken drumsticks,161
1222,Fried poached egg with laba beans,143
1223,Mochi bun,279
1224,Nanning rice noodle,364
1225,Coconut sago,354
1226,Roasted leeks,61
1227,Grilled string bean skewers,31
1228,Whitebait scrambled eggs,212
1229,Fish-ﬂavored eggplant pot,25
1230,Fried shrimp in typhoon shelter,308
1231,Fried potato chips,532
1232,Ham sausage,288
1233,Stewed meat,130
1234,Seaweed pork ﬂoss bread,274
1235,Pounded chicken feet,215
1236,Fresh meat soup dumplings,130
1237,Iron squid,92
1238,Egg and ham sandwich,221
1239,Dongpo’s braised pork,198
1240,Braised tofu,78
1241,Rocky cheese,403
1242,Fried pulp,312.7753304
1243,Fruit jelly,278
1244,Raw cooking cabbage,25
1245,Liocarcinus,351
1246,Black-bone chicken roll,293
1247,Fried bun slices,279
1248,Taro sago,112
1249,Sizzling tofu,78
1250,Beef noodles,384
1251,Poplar twig nectar,48
1252,Pickle chicken feet,215
1253,Rice wine and egg drop soup,83
1254,Red oil dumplings,884
1255,1255 Sour beans,333
1256,Potato ﬂour casserole,77
1257,1257 Shrimp,100
1258,Chicken chop,215
1259,Fried sea oysters,81
1260,Stir-fried beef with green pepper,20
1261,Tomato puree,18
1262,Fried tempura,225
1263,Green bean cake,31
1264,Salty burning white,156.8359858
1265,Three yellow chicken nuggets,261
1266,Garlic shrimp,100
1267,Fired pork in a scoop,198
1268,Bread crab,87
1269,Spicy sausage,288
1270,Barbecued pork noodle,384
1271,Beer duck,404
1272,Fried yogurt with oreo cookies,464
1273,Chinese hamburger,254
1274,Princess lee roll sushi,293
1275,Sea salt milk cake,0
1276,Stir fried fungus with celery,14
1277,Double cake,230.89701
1278,Taian Fish,96
1279,Boiled bullfrog,200
1280,Steamed sturgeon,105
1281,Tuna sashimi,109
1282,Stewed chicken soup,215
1283,1283 Shrimp fried rice,360
1284,Corn warship sushi,86
1285,Milk small party,42
1286,Shrimp and crab pot,87
1287,Chili noodles,384
1288,Chicken skewers,215
1289,Leek pie,61
1290,Stir-fried pork with garlic shoots,198
1291,Pop cake,51
1292,Matcha ﬂavored daifuku,315
1293,Black pepper chicken nuggets,261
1294,Roasted chicken leg,214
1295,Potato powder,77
1296,Cart noodle,384
1297,cheesecake,321
1298,Fried snails,90
1299,1299 Stir fry,132.7676415
1300,Balsamic peanuts,567
1301,1301 Rice casserole,360
1302,Spicy chicken wing,191
1303,Strawberry double skin milk,32
1304,Roast duck cake,337
1305,Grilled tofu,78
1306,Matcha ice cream,207
1307,Preserved egg porridge,143
1308,Pork knuckle soup powder,198
1309,Black pepper steak rice,360
1310,Cold crucian carp,127
1311,Braised bamboo shoots,27
1312,Sweet and sour pork,270
1313,Old bowl ﬁsh,226.1683443
1314,Tofu with preserved eggs,78
1315,Black pepper sausage,288
1316,Roast suckling pig,376
1317,Ciba ice powder,0
1318,Braised chicken and rice,360
1319,Sea Emperor fans clay pot,130.1089514
1320,Orleans drumsticks,161
1321,Salt and pepper ribs,277
1322,Eel rice,360
1323,1323 Pork skewers,198
1324,Cold jellyﬁsh,57.08421389
1325,Boiled cabbage heart,25
1326,Baked clams in tin foil,86
1327,Hand holding fan bone,117
1328,Casserole yam,118
1329,Bak kut teh,108.9181597
1330,Red velvet cake,353.4761796
1331,Round taro with coconut milk,354
1332,Stone pot bullfrog,200
1333,Seafood steamed egg,143
1334,Stir-fried potato shreds with green pepper,20
1335,Yellow braised beef,130
1336,Longan and red date congee,277
1337,Stir fried diced noodles,384
1338,Ice cream wafﬂes,207
1339,Strawberry mille cake,32
1340,Corn salad,86
1341,Lava rock sausage,288
1342,Lettuce in oyster sauce,13
1343,Casserole ﬁsh head pot,206.1211175
1344,saozi noodles,384
1345,Fried pork rice,360
1346,Hot pepper twice cooked pork,198
1347,Spicy Ginger Chicken Feet,215
1348,Platycodon,351
1349,Flavored eggplant,25
1350,Beef vermicelli soup,371
1351,Ginger lotus root,74
1352,Pork congee,198
1353,Multi-ﬂavored ﬁsh skewers,78
1354,Fried noodles,384
1355,1355 Shacha noodles,384
1356,Beef pan noodle,384
1357,Pork fried rice,360
1358,Homemade ﬁsh,353
1359,Lemon chicken feet,215
1360,Cheese stick,403
1361,Pork beans,333
1362,Soy sauce steamed pork ribs,277
1363,Milk oatmeal,42
1364,Rattan pepper ﬁsh ﬁllet,20
1365,Peanut butter noodles,384
1366,Spicy frog,235.2941176
1367,Cranberry ¨ı¿œbiscuit,46
1368,Pot lamb chops,310
1369,Tomato egg noodle,384
1370,Di San Xian,222.1539602
1371,Chocolate fruit cake,324
1372,Grandma dishes,211.1559787
1373,Yuxiang pork rice bowl,360
1374,Roast chicken,167
1375,Boneless chicken ﬁllet,215
1376,Bacon fried rice,360
1377,Urayaki eel,184
1378,Braised spare ribs noodles,384
1379,Mushroom stewed chicken noodle,384
1380,Beijing sauce pork,198
1381,Capelin,98
1382,Garland chrysanthemum,24
1383,Green pepper preserved egg,143
1384,Fried noodles with ham,384
1385,Grilled whole ﬁsh,223.6842105
1386,Spicy cabbage bibimbap,25
1387,Grilled eggplant,25
1388,Sauerkraut pork noodle,384
1389,Black stinky tofu,78
1390,Eggplant claypot,25
1391,Griddle pork Intestines,138
1392,Stir-fried ginger and green onion,80
1393,Three yellow chicken,215
1394,Cumin cartilage,375
1395,Burrito,206
1396,Cumin lamb,648
1397,Beef burger,130
1398,Sour soup with beef,130
1399,Scallop lean pork congee,143
1400,Potato beef,130
1401,Steamed crab,87
1402,French fries,146
1403,1403 Popping milk cake,61
1404,Strange rice,360
1405,Dried squid and shrimp,100
1406,Stir-fried organic cauliﬂower,58.91351703
1407,Griddle potato chips,532
1408,Sliced toast with raisins,299
1409,Loin roast,237
1410,Roast duck rice,360
1411,Oil gluten,884
1412,Supreme pizza,268
1413,Egg seaweed soup,35
1414,Spicy chicken feet,215
1415,Fried crispy banana,89
1416,Stir-fried dried tofu with hot pepper,40
1417,Chilled lobster,77
1418,Fish pan cake,96
1419,Stewed goose in iron pan,371
1420,Smoked duck,404
1421,Fried pork with fungus,198
1422,Grilled horse paciﬁer,133
1423,Tedious,351
1424,Tiger skin and chicken feet,215
1425,Ground sanxian rice bowl,360
1426,Yellow stinky tofu,78
1427,Duck neck,404
1428,Stone bowl chicken nuggets,261
1429,1429 Mango shrimp salad,100
1430,Snowﬂakes,351
1431,Fried jelly,278
1432,Scallion black fungus,32
1433,Spicy noodles,384
1434,Eggplant garlic juice,149
1435,Spicy spare ribs,277
1436,Gourd chicken,215
1437,Mango ice,60
1438,Grilled pork neck,198
1439,Flame steak,228
1440,Chicken neck,297
1441,Margherita pizza,268
1442,Casserole pork knuckle pot,198
1443,Tomato rice noodles,364
1444,Roasted peppers,28
1445,Scrambled eggs with ham,212
1446,Fried rice cake,387
1447,Stewed ﬁsh in iron pan,2.11337645
1448,Sweet shrimp sashimi,100
1449,Spicy yuba,212
1450,Baked shrimp roll with cheese,403
1451,Beef pizza with black pepper,20
1452,Pepper chicken,215
1453,Sukiyaki goose,371
1454,Roast chicken wing tip,191
1455,Fried lotus root,74
1456,Caramel pudding,382
1457,Arctic bay,89
1458,Shrimp rolls,293
1459,Hot pot chicken giblets,215
1460,Homely stewed ﬁsh,250
1461,Eggplant salad,25
1462,Fried potato chips,532
1463,Macadamia,718
1464,Tremella lianzi geng,351
1465,Gravy radish,16
1466,Sweet heart pastry,551
1467,Glutinous rice lotus root,74
1468,Durian cheesecake,321
1469,Steamed crab claws,87
1470,Sweet and sour ﬁllet,167
1471,1471 Braised pork ribs,277
1472,Ribeye steak,253
1473,Salted shrimp with pepper,100
1474,Fried instant noodles,384
1475,Fried rice noodles with chicken,364
1476,Cheese baked rice,360
1477,Roast chicken head,167
1478,Salad barbecue bibimbap,153.2287249
1479,Fried chicken chop,307
1480,Marinated beef brisket in spiced sauce,276
1481,Spicy potato chips,532
1482,Fruit cup,30
1483,Meatballs,254
1484,Bowl chicken,215
1485,1485 Marinated trotters,212
1486,Spicy lobster tail,77
1487,Sesame biscuits,353
1488,Fried bacon with dried radish,16
1489,1489 Red wine sydney,85
1490,Crab pot,87
1491,1491 Braised sausage,288
1492,Braised chili in oil,40
1493,Orleans chicken drumsticks,161
1494,Sea urchin sashimi,56
1495,Barrel ﬁsh,40
1496,White cut chicken,215
1497,Grilled tofu,78
1498,Songhua egg with ginger sauce,80
1499,Cold rice tofu,78
1500,Roast pork knuckle,198
1501,1501 Steamed shrimp with garlic vermicelli,371
1502,Tuna warship sushi,109
1503,Vegetable salad,72
1504,Choy sum sting peel,13.86233269
1505,Brushed cheese hot dog sticks,305
1506,Chocolate mousse cake,480
1507,1507 Popcorn,500
1508,Minced pork hand-rolled sushi,198
1509,Grilled chicken feet skewers,215
1510,Fruit steak,228
1511,Fried noodle with egg,384
1512,Crispy bone sausage,288
1513,Chicken with chestnut,196
1514,Scalded prawns,71
1515,Fruit box,30
1516,Hang Sanxian,372.0930233
1517,Cut noodles in casserole,384
1518,Burning noodles,384
1519,Pineapple pie,50
1520,Enoki mushroom mixed with cucumber,37
1521,Taro balls,112
1522,Sauerkraut rice noodles,364
1523,Cured fried rice,360
1524,Yam polenta,370
1525,Pickle,3.571428571
1526,Hot and sour chicken mixed,215
1527,Millet cake,378
1528,Yam pork ribs soup,277
1529,Fried biscuits,353
1530,Fried chicken,307
1531,Casserole white tofu,78
1532,Milk ﬂavor bread slice,274
1533,Saury,158
1534,Black forest cake,278.3759238
1535,Pumpkin porridge,26
1536,Curry chicken rice,360
1537,Fried duck,404
1538,Griddle shredded chicken,215
1539,Steamed dumpling,253.159945
1540,Red shrimp,100
1541,Mushroom and vegetable porridge,72
1542,Moon cake,438
1543,1543 Lettuce tip,13
1544,Spaghetti black pepper beef,130
1545,1545 Johnnycake,223.9833331
1546,Braised chicken with bamboo sticks in coconut,215
1547,Borscht,56.05835266
1548,Shrimp salad,100
1549,Steamed bun fried bun,279
1550,Mixed edamame,109
1551,1551 Beef rice,360
1552,Griddle cooked tea tree mushrooms,22
1553,Roast pork skin,198
1554,Taste snake,125.703281
1555,Kelp green bean paste,31
1556,Egg tart,143
1557,Abalone rice,360
1558,Chicken wing pot,191
1559,Pineapple seafood fried rice,360
1560,Beef and egg fried rice,130
1561,Whole wheat bread,252
1562,Steamed rice noodles,364
1563,Chicken roll,293
1564,T-bone steak,228
1565,Braised Japanese tofu,78
1566,Fried ice cream,207
1567,Sauerkraut beef noodle,384
1568,Sesame octopus warship sushi,82
1569,Grilled anhui,128.5714286
1570,Scones,296
1571,Crab siu mai,87
1572,Shin ramen,440
1573,Rice with tomato and eggs,143
1574,Fatty intestine,138
1575,Hand roll noodle,384
1576,Steamed ﬁsh,189.5975455
1577,Pork liver and lean meat porridge,124
1578,Harbin sausage,288
1579,Bitter vegetable soup,72
1580,Shredded bag,392.8571429
1581,Fried yuba,212
1582,Stir-fried pork with corn,198
1583,Shrimp wanton noodles,384
1584,Pea noodles,384
1585,Flatbread,249
1586,Roasted cauliﬂower,127.2084806
1587,Red date and white fungus soup,277
1588,Scallion noodles,384
1589,Steamed abalone with garlic,149
1590,Stir-fried vermicelli with cabbage,371
1591,1591 Mango melaleuca box cake,60
1592,Cantonese sponge cake,297
1593,Seaweed rice,360
1594,Fried eggs with fungus,196
1595,Stir-fried shredded lettuce,13
1596,Fried crab with ginger and spring onion,80
1597,Chicken porridge,215
1598,Roasted peppers,28
1599,Beef noodle,384
1600,Bacon ham pizza,268
1601,Pine nut ﬁsh,673
1602,Kimchi ﬁsh,30
1603,Umeboshi vegetable roast meat,130
1604,Fried king pleurotus,246.9177336
1605,Vegetable pancake,227
1606,Glutinous rice,360
1607,Miso soup,198
1608,Curry omelet rice,360
1609,Matcha melaleuca cake,315
1610,Lotus root pork ribs soup,277
1611,Soy sauce fried rice,360
1612,Pumpkin soup,26
1613,Fan shabu,73.00260144
1614,Cooked duck with lemon,29
1615,Shrimp noodles,384
1616,Spicy crab,87
1617,1617 Bitter gourd fried pork,198
1618,Fried hot and sour potato shreds,77
1619,Salt and pepper peanuts,567
1620,Baked crab with egg yolk,322
1621,Celery fried yuba,14
1622,Beef offal,130
1623,Kanto cooking,107.1428571
1624,Nigiri sushi,91.29991762
1625,Fish with bean curd,78
1626,Sizzling frog,341
1627,Lilies fat and sleek cows,46
1628,Duck wings,404
1629,Pickled pepper baby food,20
1630,Hakka tofu,78
1631,Saliva chicken,215
1632,Bamboo shoot pork,198
1633,Stir-fried vegetables with mushrooms,72
1634,Crab congee,87
1635,Baked spaghetti with cheese and meat sauce,371
1636,Haagen-Dazs ice cream,207
1637,Northeast chaos,500
1638,Sauce elbow,371
1639,Cheese baked shrimp,100
1640,Vetch,351
1641,Spaghetti with tomato sauce and bacon,393
1642,Egg beef porridge,130
1643,Biangbiang,351
1644,Pork rice noodles,364
1645,Pig skin jelly,278
1646,Crispy pork slices,198
1647,Beautiful frog ﬁsh head,341
1648,Seafood paella,114.65394
1649,Cruller,305.4405393
1650,Casserole ﬁsh head,388.0135814
1651,Stir-fried shredded potatoes with celery,77
1652,Potato stew chicken nuggets,261
1653,Dregs biscuits,353
1654,Kimchi hot pot,30
1655,Fried dumpling,197.5332929
1656,Crispy pork rice,360
1657,Tribute dish,183.4651085
1658,Peanut,567
1659,Fried sausage,288
1660,Hot and sour soup,30.86471671
1661,Glutinous rice,360
1662,Chicken soup rice noodles,364
1663,Fried spicy chicken wing root,191
1664,Dorayaki,243.7256986
1665,Scrambled eggs with tomatoes,212
1666,Nuomici,351
1667,Fried lesser croaker,104
1668,Shredded duck,404
1669,Roast duck,337
1670,Spicy ﬁsh ball,235.2941176
1671,Stir-fried pork with mustard,198
1672,Steamed venetian bag,98.87021171
1673,Double chicken hamburger,254
1674,Abalone,105
1675,Baked string beans,31
1676,Tuna pizza,268
1677,Roasted goose,371
1678,Sauted sauerkraut sausage,288
1679,White shellﬁsh,42.26752838
1680,Sauteed bean sprouts,333
1681,Chicken rack,215
1682,Stinky mandarin ﬁsh,53
1683,Cold pot string,317.4656575
1684,Cold papaya,43
1685,Delicious fern powder,52.02106855
1686,Lettuce fried meat,130
1687,Stewed clams with Papaya,43
1688,Roasted corn kebabs,86
1689,Bandit duck,404
1690,Chicken heart string,153
1691,Phoenix tail prawns,71
1692,Pickled sweet garlic,149
1693,Fried chicken fork bone,307
1694,Chicken burger,215
1695,Fried pork chop,170
1696,Skin shrimp,100
1697,1697 Fried pork with pepper,20
1698,Pork lungs in chili sauce,40
1699,Vermicelli soup,371
1700,Lean meat soup,124
1701,Stir fried vegetables,72
1702,Sauted beef with hot pepper,40
1703,Coconut cake,354
1704,Hot pot chicken,215
1705,Braised ﬁsh in plain pot,93.4056488
1706,Stir-fried chives with bean curd sheets,30
1707,Fried preserved eggs with pepper,20
1708,Cold mixed pig ear,234
1709,Semi cooked cheese,403
1710,Stewed mutton,264
1711,Beef ribs with black pepper,336
1712,Noodles with beef,384
1713,1713 Roast lamb leg,209
1714,Prawn tail,71
1715,Baked beans,333
1716,Stewed goose,371
1717,Boiled egg,155
1718,Radish strips,16
1719,Fish porridge,96
1720,Chicken kebabs,215
1721,1721 Angry birds cake,300
1722,Soybean,109
1723,Snail powder with beef brisket,276
1724,Egg cake,143
1725,Fried shrimps with cashew nuts,308
1726,Simi fruit ﬁshing,30
1727,Bean curd with stone plate,78
1728,Stewed chicken leg,214
1729,Stewed noodles with mutton,384
1730,Mutton noodles,384
1731,Cylindrical bone meal,149.9143383
1732,Sliced pork and potato,198
1733,Seafood congee,81.36210672
1734,Ice porridge,0
1735,Toothpick meat,130
1736,Chicken feet pot,215
1737,Roll cold noodle,384
1738,Papaya and tremella soup,43
1739,Golden sweet potato stick,522
1740,Pineapple fried rice,360
1741,Stewed pork feet with ginger,80
1742,Stir-fried celery with smoked bean curd,78
1743,Steamed scallop with minced garlic and vermicelli,149
1744,Dried tofu,78
1745,Cranberry cookies,488
1746,Boiled mutton,264
1747,Boiled crayﬁsh,270.5121816
1748,Salted white shrimp,100
1749,Marinated goose,371
1750,Water-chestnut pudding,97
1751,Preserved egg with chopped pepper,20
1752,Tofu pudding,78
1753,Deep-fried dough sticks,259
1754,Fried squid ring,92
1755,Grilled squid,92
1756,Takoyaki,109.8228161
1757,1757 Popcorn chicken,215
1758,Roasted ﬁsh with soy sauce,53
1759,Steamed Wuchang Fish,96
1760,Kebabs with soy sauce,53
1761,Eggplant with hot pepper,40
1762,Fried bacon with lotus beans,393
1763,Steamed green spotted ﬁsh,55.17727807
1764,Steamed white guitar,130
1765,Yu-Shiang eggplant,25
1766,Eel roll sushi,293
1767,Mango sorbet,115
1768,Marinated beef,130
1769,Fish and mutton,264
1770,Blueberry sundae,196
1771,Mixed beans,333
1772,Fried rice with bacon,393
1773,Spicy wings,235.2941176
1774,Hot and sour lotus root,74
1775,Razor clam,86
1776,Roast dried pork,198
1777,Spicy carp,127
1778,Cumin beef,130
1779,Red dates and tremella soup,277
1780,Strawberry ice cream,192
1781,Crab seed sushi,87
1782,Sea cucumber with millet,56
1783,Braised steak ﬁllet,228
1784,Braised chicken,215
1785,Fried meatballs,254
1786,Spicy palm,235.2941176
1787,1787 Black sesame glutinous rice balls,360
1788,Grilled beef ribs,336
1789,Steamed yellow croaker,104
1790,Flammulina velutipes roll with streaky pork,293
1791,Grilled eggplant,25
1792,Baby cabbage with garlic,25
1793,Stir fried beef with mustard,130
1794,Watermelon sago,30
1795,Mango sausage,288
1796,Boiled ﬁsh with pickled cabbage and chili,32
1797,1797 Spare ribs with garlic,149
1798,Stewed meat noodles,384
1799,Rice peel,360
1800,Steamed sausage noodles with lean meat,124
1801,1801 Grilled beef short rib,390
1802,Cold mixed peanuts,567
1803,Braised small yellow croaker,104
1804,Steamedf Fish head with diced hot red peppers,26
1805,Sugar fried chestnut,196
1806,Coconut pudding,354
1807,Caesar salad,196.886537
1808,Sichuan dandan noodles,384
1809,Eggplant rice,360
1810,Miso soup,198
1811,Fried rice with beef,360
1812,Golden pancake,227
1813,Kalimeris with smoked bean curd,78
1814,Chicken soup,215
1815,Pine bass,97
1816,Baked leek string,61
1817,Taro round Sago,112
1818,Cold bean sprouts,333
1819,White cake,357
1820,Fried milk,61
1821,Dried baby cabbage,25
1822,Fried mater convolvulus,19
1823,Fish and egg noodles,384
1824,Boiled peanuts,567
1825,Black pepper steak,228
1826,Spicy salted duck,404
1827,Shredded bean curd with cold sauce,78
1828,Amaebi,351
1829,Seafood noodle bumps,384
1830,Steamed chicken with rice in lotus leaf,215
1831,Braised sea cucumber with scallion,56
1832,Dry pot beef,130
1833,Boiled broccoli,34
1834,Mixed wonton,202.8841362
1835,Glutinous rice cake with brown sugar,387
1836,Squid body,92
1837,Vegetable pot,72
1838,Curry sirloin,214
1839,Meat ﬂoss cake,130
1840,Fried rice with sausage,288
1841,Baby cabbage in casserole,25
1842,Fried shrimp,308
1843,Mutton hot pot,264
1844,Tea ﬂavored boiled eggs,155
1845,Rice with vegetables,72
1846,Sausages with cheese,288
1847,Broccoli soup,34
1848,Roast tripe,85
1849,Minced beef congee,130
1850,Stewed beef offal,130
1851,Scalded prawns,71
1852,Ice cream egg puff,143
1853,Honey toast,313
1854,Rice with chicken leg,214
1855,The brine cattle show,77
1856,Bibimbap with pork belly,198
1857,Shredded meat,130
1858,Egg steamed meatloaf,143
1859,Steamed side ﬁsh,24.69177336
1860,Deep-fried cakes,215.4931765
1861,1861 Roast chicken pizza,268
1862,Sauce-ﬂavored beef tendon,130
1863,Coca cola chicken wings,191
1864,Fried river prawns with leek,71
1865,Chicken hot pot,215
1866,Stewed meatballs with brown sauce,254
1867,Boiled lamb chops,310
1868,Salt baked chicken,215
1869,Spicy shrimp pot,100
1870,Papaya cool water,43
1871,Garlic seasonal vegetables,72
1872,Appetizer duck blood,404
1873,Salted egg yolk baked pumpkin,26
1874,Fried beef rice with bitter melon,17
1875,Sauce big bone,176.3698097
1876,Broiled river eel,184
1877,Kung Pao chicken with rice,215
1878,Caterpillar bread,274
1879,Sliced pork soup,198
1880,Stone pot tofu,78
1881,Stir-fried pork liver,134
1882,Stir-Fried pork with smoked bean curd,78
1883,Steamed twisted roll with scallions,32
1884,Mixed mentai ﬁsh shreds,202.8841362
1885,Slippery rice mushrooms chicken,215
1886,Beef hotpot,130
1887,Luncheon meat,130
1888,Peru system sauce duck,404
1889,Shredded rabbit meat,136
1890,Egg pancake,227
1891,Three-cup chicken,215
1892,Noodles with chicken leg soup,214
1893,Fried stone egg,143
1894,Honey concave cake,304
1895,Chocolate egg wafﬂes,480
1896,Lobster rice bowl,360
1897,Scrambled eggs with Chinese chives,212
1898,Pan-Fried calf chop,140
1899,1899 Black grass jelly,278
1900,Green pepper shredded pork,198
1901,Sweet and sour pork ribs,277
1902,Original soup wonton,32
1903,Salt grilled salmon head,208
1904,Quicksand bun with egg custard,279
1905,Stir-fried shredded pork with celery,14
1906,Garlic chicken feet,215
1907,Black pearl with smoothie,356
1908,Roasted lamb loin,310
1909,Donuts,421
1910,Cold rice noodles,364
1911,Black pepper chicken chop rice,360
1912,Fried thousand page tofu,78
1913,Corn cup,86
1914,Sauce bones,22.48715074
1915,Seafood udon,371
1916,Baked cheesy seafood baked rice,360
1917,Hot noodles with sesame paste,384
1918,Sizzling beef,130
1919,Corn pie,86
1920,Fruit and vegetable salad,72
1921,Chicken wingette skewers,191
1922,Yuanbao shrimp,100
1923,Sliced roast duck,337
1924,Mao xuewang,179.0315134
1925,1925 Leek box,61
1926,Beer ﬁsh,43
1927,Griddle squid,92
1928,Purple sweet potato bun,266
1929,Twice-cooked pork with rice,198
1930,Beef noodles,384
1931,Delicious daifuku,177.5191566
1932,Fried crab with ginger and green onion,80
1933,Flower cake,293.2343765
1934,Oreo snow mei niang,464
1935,Fried lotus root,74
1936,Chocolate donut,452
1937,Chocolate toast,313
1938,Roll dough,259
1939,Durian pulp ice cream,207
1940,Fried ﬁsh,312.7753304
1941,Casserole balls,317.4656575
1942,Spinach egg drop soup,143
1943,Beef soup,130
1944,Spring pancake,227
1945,1945 Stir-fried rougamo,58.91351703
1946,Spicy ribs and shrimp,100
1947,Spicy cucumber strips,15
1948,Shrimp wanton,100
1949,Pickled cabbage noodles,384
1950,Golden mantou,261.9796045
1951,Braised pork rice,360
1952,Sugar mixed tomatoes,18
1953,Shrimp pizza,268
1954,Yang chun noodles,384
1955,Stir-fried bitter gourd,30
1956,Spicy fried clams,86
1957,Soft tofu soup,78
1958,Marinated chicken gizzards,94
1959,Fried winter melon,14
1960,Cold noodles,384
1961,Fried egg,196
1962,Braised duck head,404
1963,1963 Stir-fried chicken with pickled peppers,215
1964,Cold rice cake,387
1965,Shrimp tail,100
1966,Shredded lettuce salad,13
1967,Steamed chicken,215
1968,Tonkatsu,232.9559599
1969,Sam chicken soup,215
1970,Tomato sirloin,214
1971,Griddle cooked lettuce bacon,393
1972,Cold fungus,284
1973,1973 Sizzling garlic shrimp,100
1974,Pork ears with chilli oil dressing,40
1975,Braised pork with potatoes,77
1976,Stir-fried pig ears,234
1977,Chilli oil liangpi,40
1978,Corn and vegetable porridge,86
1979,Spicy hot pot,167
1980,Lamb pot,648
1981,Crab and cheese soft pretzel,345
1982,Toasted bread,274
1983,Sea bream sashimi,108
1984,Lotus root slices,74
1985,Pork ﬂoss seaweed roll,293
1986,Bean curd beef,130
1987,Sixi roasted bran,411.7647059
1988,Griddle duck head,404
1989,1989 Tofu soup rice cake,387
1990,Mushroom pot,22
1991,Orlean roasted wing,202
1992,Three products of sashimi,97.98323023
1993,Durian cake,147
1994,White cut lamb,648
1995,Trash ﬁsh,494.1743564
1996,Vanilla ice cream,207
1997,Mushu pork rice bowl,360
1998,Fried pork with beans,333
1999,Sauerkraut meat,130
